<?xml version="1.0" encoding="UTF-8"?>
<Employees>
        <Employee>
            <employee_age>61</employee_age>
            <employee_title>software</employee_title>
            <employee_name>Tiger Nixon</employee_name>
            <employee_salary>320800</employee_salary>
            <id>1</id>
            <profile_image />
        </Employee>
        <Employee>
            <employee_age>63</employee_age>
            <employee_title>software</employee_title>
            <employee_name>Garrett Winters</employee_name>
            <employee_salary>170750</employee_salary>
            <id>2</id>
            <profile_image />
        </Employee>
        <Employee>
            <employee_age>66</employee_age>
            <employee_title>software</employee_title>
            <employee_name>Ashton Cox</employee_name>
            <employee_salary>86000</employee_salary>
            <id>3</id>
            <profile_image />
        </Employee>
        <Employee>
            <employee_age>22</employee_age>
            <employee_title>software</employee_title>
            <employee_name>Cedric Kelly</employee_name>
            <employee_salary>433060</employee_salary>
            <id>4</id>
            <profile_image />
        </Employee>
        <Employee>
            <employee_age>33</employee_age>
            <employee_title>software</employee_title>
            <employee_name>Airi Satou</employee_name>
            <employee_salary>162700</employee_salary>
            <id>5</id>
            <profile_image />
        </Employee>
        <Employee>
            <employee_age>61</employee_age>
            <employee_title>software</employee_title>
            <employee_name>Brielle Williamson</employee_name>
            <employee_salary>372000</employee_salary>
            <id>6</id>
            <profile_image />
        </Employee>
        <Employee>
            <employee_age>59</employee_age>
            <employee_title>software</employee_title>
            <employee_name>Herrod Chandler</employee_name>
            <employee_salary>137500</employee_salary>
            <id>7</id>
            <profile_image />
        </Employee>
        <Employee>
            <employee_age>55</employee_age>
            <employee_title>software</employee_title>
            <employee_name>Rhona Davidson</employee_name>
            <employee_salary>327900</employee_salary>
            <id>8</id>
            <profile_image />
        </Employee>
        <Employee>
            <employee_age>39</employee_age>
            <employee_title>software</employee_title>
            <employee_name>Colleen Hurst</employee_name>
            <employee_salary>205500</employee_salary>
            <id>9</id>
            <profile_image />
        </Employee>
        <Employee>
            <employee_age>23</employee_age>
            <employee_title>software</employee_title>
            <employee_name>Sonya Frost</employee_name>
            <employee_salary>103600</employee_salary>
            <id>10</id>
            <profile_image />
        </Employee>
        <Employee>
            <employee_age>30</employee_age>
            <employee_title>software</employee_title>
            <employee_name>Jena Gaines</employee_name>
            <employee_salary>90560</employee_salary>
            <id>11</id>
            <profile_image />
        </Employee>
        <Employee>
            <employee_age>22</employee_age>
            <employee_title>software</employee_title>
            <employee_name>Quinn Flynn</employee_name>
            <employee_salary>342000</employee_salary>
            <id>12</id>
            <profile_image />
        </Employee>
        <Employee>
            <employee_age>36</employee_age>
            <employee_title>software</employee_title>
            <employee_name>Charde Marshall</employee_name>
            <employee_salary>470600</employee_salary>
            <id>13</id>
            <profile_image />
        </Employee>
        <Employee>
            <employee_age>43</employee_age>
            <employee_title>software</employee_title>
            <employee_name>Haley Kennedy</employee_name>
            <employee_salary>313500</employee_salary>
            <id>14</id>
            <profile_image />
        </Employee>
        <Employee>
            <employee_age>19</employee_age>
            <employee_title>software</employee_title>
            <employee_name>Tatyana Fitzpatrick</employee_name>
            <employee_salary>385750</employee_salary>
            <id>15</id>
            <profile_image />
        </Employee>
        <Employee>
            <employee_age>66</employee_age>
            <employee_title>software</employee_title>
            <employee_name>Michael Silva</employee_name>
            <employee_salary>198500</employee_salary>
            <id>16</id>
            <profile_image />
        </Employee>
        <Employee>
            <employee_age>64</employee_age>
            <employee_title>software</employee_title>
            <employee_name>Paul Byrd</employee_name>
            <employee_salary>725000</employee_salary>
            <id>17</id>
            <profile_image />
        </Employee>
        <Employee>
            <employee_age>59</employee_age>
            <employee_title>software</employee_title>
            <employee_name>Gloria Little</employee_name>
            <employee_salary>237500</employee_salary>
            <id>18</id>
            <profile_image />
        </Employee>
        <Employee>
            <employee_age>41</employee_age>
            <employee_title>software</employee_title>
            <employee_name>Bradley Greer</employee_name>
            <employee_salary>132000</employee_salary>
            <id>19</id>
            <profile_image />
        </Employee>
        <Employee>
            <employee_age>35</employee_age>
            <employee_title>software</employee_title>
            <employee_name>Dai Rios</employee_name>
            <employee_salary>217500</employee_salary>
            <id>20</id>
            <profile_image />
        </Employee>
        <Employee>
            <employee_age>30</employee_age>
            <employee_title>software</employee_title>
            <employee_name>Jenette Caldwell</employee_name>
            <employee_salary>345000</employee_salary>
            <id>21</id>
            <profile_image />
        </Employee>
        <Employee>
            <employee_age>40</employee_age>
            <employee_title>Manager</employee_title>
            <employee_name>Yuri Berry</employee_name>
            <employee_salary>675000</employee_salary>
            <id>22</id>
            <profile_image />
        </Employee>
        <Employee>
            <employee_age>21</employee_age>
            <employee_title>software</employee_title>
            <employee_name>Caesar Vance</employee_name>
            <employee_salary>106450</employee_salary>
            <id>23</id>
            <profile_image />
        </Employee>
        <Employee>
            <employee_age>23</employee_age>
            <employee_title>Junir</employee_title>
            <employee_name>Doris Wilder</employee_name>
            <employee_salary>85600</employee_salary>
            <id>24</id>
            <profile_image />
        </Employee>
    </Employees>

